Range,Column,Cultivar,treatment (e.g. drought),end of season height,end of season yield,leaf_wax,dw2,d_locus,ma,tan1,,,,,,,,,,,,,,,,,,
1,1,SP1615,0,,,-1,-1,-1,-1,-1,,,,,,,,,,,,,,,,,,
1,2,Big_Kahuna,0,,,-1,-1,-1,-1,-1,,,,,,,,,,,,,,,,,,
1,3,SP1615,0,,,-1,-1,-1,-1,-1,,,,,,,,,,,,,,,,,,
1,4,Big_Kahuna,0,,,-1,-1,-1,-1,-1,,,,,,,,,,,,,,,,,,
1,5,SP1615,0,,,-1,-1,-1,-1,-1,,,,,,,,,,,,,,,,,,
1,6,Big_Kahuna,0,,,-1,-1,-1,-1,-1,,,,,,,,,,,,,,,,,,
1,7,SP1615,0,,,-1,-1,-1,-1,-1,,,,,,,,,,,,,,,,,,
1,8,Big_Kahuna,0,,,-1,-1,-1,-1,-1,,,,,,,,,,,,,,,,,,
1,9,SP1615,0,,,-1,-1,-1,-1,-1,,,,,,,,,,,,,,,,,,
1,10,Big_Kahuna,0,,,-1,-1,-1,-1,-1,,,,,,,,,,,,,,,,,,
1,11,SP1615,0,,,-1,-1,-1,-1,-1,,,,,,,,,,,,,,,,,,
1,12,Big_Kahuna,0,,,-1,-1,-1,-1,-1,,,,,,,,,,,,,,,,,,
1,13,SP1615,0,,,-1,-1,-1,-1,-1,,,,,,,,,,,,,,,,,,
1,14,Big_Kahuna,0,,,-1,-1,-1,-1,-1,,,,,,,,,,,,,,,,,,
1,15,SP1615,0,,,-1,-1,-1,-1,-1,,,,,,,,,,,,,,,,,,
1,16,SP1615,0,,,-1,-1,-1,-1,-1,,,,,,,,,,,,,,,,,,
2,1,SP1615,0,,,-1,-1,-1,-1,-1,,,,,,,,,,,,,,,,,,
2,2,Big_Kahuna,0,,,-1,-1,-1,-1,-1,,,,,,,,,,,,,,,,,,
2,3,SP1615,0,,,-1,-1,-1,-1,-1,,,,,,,,,,,,,,,,,,
2,4,Big_Kahuna,0,,,-1,-1,-1,-1,-1,,,,,,,,,,,,,,,,,,
2,5,SP1615,0,,,-1,-1,-1,-1,-1,,,,,,,,,,,,,,,,,,
2,6,Big_Kahuna,0,,,-1,-1,-1,-1,-1,,,,,,,,,,,,,,,,,,
2,7,SP1615,0,,,-1,-1,-1,-1,-1,,,,,,,,,,,,,,,,,,
2,8,Big_Kahuna,0,,,-1,-1,-1,-1,-1,,,,,,,,,,,,,,,,,,
2,9,SP1615,0,,,-1,-1,-1,-1,-1,,,,,,,,,,,,,,,,,,
2,10,Big_Kahuna,0,,,-1,-1,-1,-1,-1,,,,,,,,,,,,,,,,,,
2,11,SP1615,0,,,-1,-1,-1,-1,-1,,,,,,,,,,,,,,,,,,
2,12,Big_Kahuna,0,,,-1,-1,-1,-1,-1,,,,,,,,,,,,,,,,,,
2,13,SP1615,0,,,-1,-1,-1,-1,-1,,,,,,,,,,,,,,,,,,
2,14,Big_Kahuna,0,,,-1,-1,-1,-1,-1,,,,,,,,,,,,,,,,,,
2,15,SP1615,0,,,-1,-1,-1,-1,-1,,,,,,,,,,,,,,,,,,
2,16,SP1615,0,,,-1,-1,-1,-1,-1,,,,,,,,,,,,,,,,,,
3,1,SP1615,0,,,-1,-1,-1,-1,-1,,,,,,,,,,,,,,,,,,
3,2,PI_329465,0,,,2,2,0,2,0,,,,,,,,,,,,,,,,,,
3,3,PI_22913,0,,,-1,-1,-1,-1,-1,,,,,,,,,,,,,,,,,,
3,4,PI_145626,0,,,0,0,2,2,0,,,,,,,,,,,,,,,,,,
3,5,PI_330807,0,,,-1,-1,-1,-1,-1,,,,,,,,,,,,,,,,,,
3,6,PI_330181,0,,,2,2,2,2,0,,,,,,,,,,,,,,,,,,
3,7,PI_569447,0,,,2,0,2,2,2,,,,,,,,,,,,,,,,,,
3,8,PI_653616,0,,,2,0,2,0,0,,,,,,,,,,,,,,,,,,
3,9,PI_563020,0,,,0,2,2,2,2,,,,,,,,,,,,,,,,,,
3,10,PI_569097,0,,,2,0,2,0,0,,,,,,,,,,,,,,,,,,
3,11,PI_573193,0,,,-1,0,-1,2,0,,,,,,,,,,,,,,,,,,
3,12,PI_152771,0,,,0,2,-1,2,2,,,,,,,,,,,,,,,,,,
3,13,PI_569427,0,,,2,0,2,2,0,,,,,,,,,,,,,,,,,,
3,14,PI_337680,0,,,2,2,2,2,0,,,,,,,,,,,,,,,,,,
3,15,PI_156871,0,,,0,0,2,2,0,,,,,,,,,,,,,,,,,,
3,16,SP1615,0,,,-1,-1,-1,-1,-1,,,,,,,,,,,,,,,,,,
4,1,SP1615,0,,,-1,-1,-1,-1,-1,,,,,,,,,,,,,,,,,,
4,2,PI_329473,0,,,-1,-1,-1,-1,-1,,,,,,,,,,,,,,,,,,
4,3,PI_646251,0,,,2,2,0,2,0,,,,,,,,,,,,,,,,,,
4,4,PI_330169,0,,,2,2,2,2,0,,,,,,,,,,,,,,,,,,
4,5,PI_569458,0,,,2,0,2,2,0,,,,,,,,,,,,,,,,,,
4,6,PI_302252,0,,,0,-1,2,0,0,,,,,,,,,,,,,,,,,,
4,7,PI_156217,0,,,2,0,2,2,0,,,,,,,,,,,,,,,,,,
4,8,PI_569090,0,,,-1,-1,-1,-1,-1,,,,,,,,,,,,,,,,,,
4,9,PI_585608,0,,,0,0,2,2,0,,,,,,,,,,,,,,,,,,
4,10,PI_620072,0,,,2,0,0,2,2,,,,,,,,,,,,,,,,,,
4,11,PI_563338,0,,,2,0,2,2,2,,,,,,,,,,,,,,,,,,
4,12,PI_569460,0,,,0,2,2,2,0,,,,,,,,,,,,,,,,,,
4,13,PI_569444,0,,,-1,-1,-1,-1,-1,,,,,,,,,,,,,,,,,,
4,14,PI_562730,0,,,-1,-1,-1,-1,-1,,,,,,,,,,,,,,,,,,
4,15,PI_563355,0,,,2,0,2,2,2,,,,,,,,,,,,,,,,,,
4,16,SP1615,0,,,-1,-1,-1,-1,-1,,,,,,,,,,,,,,,,,,
5,1,SP1615,0,,,-1,-1,-1,-1,-1,,,,,,,,,,,,,,,,,,
5,2,PI_569445,0,,,2,0,0,2,2,,,,,,,,,,,,,,,,,,
5,3,PI_221651,0,,,2,2,2,2,2,,,,,,,,,,,,,,,,,,
5,4,PI_525049,0,,,2,0,2,2,0,,,,,,,,,,,,,,,,,,
5,5,PI_154987,0,,,-1,-1,-1,-1,-1,,,,,,,,,,,,,,,,,,
5,6,PI_570087,0,,,2,0,0,2,2,,,,,,,,,,,,,,,,,,
5,7,PI_329300,0,,,2,2,2,2,0,,,,,,,,,,,,,,,,,,
5,8,PI_152728,0,,,2,2,2,2,0,,,,,,,,,,,,,,,,,,
5,9,PI_330168,0,,,2,2,2,2,0,,,,,,,,,,,,,,,,,,
5,10,PI_329256,0,,,2,2,-1,2,-1,,,,,,,,,,,,,,,,,,
5,11,PI_452542,0,,,2,2,2,2,0,,,,,,,,,,,,,,,,,,
5,12,PI_563331,0,,,-1,-1,-1,-1,-1,,,,,,,,,,,,,,,,,,
5,13,PI_563021,0,,,0,2,2,2,2,,,,,,,,,,,,,,,,,,
5,14,PI_653617,0,,,0,0,2,2,0,,,,,,,,,,,,,,,,,,
5,15,PI_152966,0,,,0,2,-1,2,0,,,,,,,,,,,,,,,,,,
5,16,SP1615,0,,,-1,-1,-1,-1,-1,,,,,,,,,,,,,,,,,,
6,1,SP1615,0,,,-1,-1,-1,-1,-1,,,,,,,,,,,,,,,,,,
6,2,PI_570075,0,,,2,0,0,2,0,,,,,,,,,,,,,,,,,,
6,3,PI_569423,0,,,2,0,2,2,0,,,,,,,,,,,,,,,,,,
6,4,PI_329286,0,,,2,2,2,2,0,,,,,,,,,,,,,,,,,,
6,5,PI_329403,0,,,2,2,2,2,0,,,,,,,,,,,,,,,,,,
6,6,PI_569148,0,,,0,2,2,2,0,,,,,,,,,,,,,,,,,,
6,7,PI_570038,0,,,-1,-1,-1,-1,-1,,,,,,,,,,,,,,,,,,
6,8,PI_329646,0,,,2,2,2,2,0,,,,,,,,,,,,,,,,,,
6,9,PI_570110,0,,,2,0,2,2,0,,,,,,,,,,,,,,,,,,
6,10,PI_563009,0,,,2,2,2,2,2,,,,,,,,,,,,,,,,,,
6,11,PI_562982,0,,,0,2,-1,2,2,,,,,,,,,,,,,,,,,,
6,12,PI_329517,0,,,2,2,-1,2,0,,,,,,,,,,,,,,,,,,
6,13,PI_643008,0,,,-1,-1,-1,-1,-1,,,,,,,,,,,,,,,,,,
6,14,PI_152751,0,,,2,2,2,2,2,,,,,,,,,,,,,,,,,,
6,15,PI_152733,0,,,2,2,2,2,0,,,,,,,,,,,,,,,,,,
6,16,SP1615,0,,,-1,-1,-1,-1,-1,,,,,,,,,,,,,,,,,,
7,1,SP1615,0,,,-1,-1,-1,-1,-1,,,,,,,,,,,,,,,,,,
7,2,PI_303658,0,,,0,2,-1,2,0,,,,,,,,,,,,,,,,,,
7,3,PI_570085,0,,,2,0,0,2,2,,,,,,,,,,,,,,,,,,
7,4,PI_329710,0,,,2,2,2,2,0,,,,,,,,,,,,,,,,,,
7,5,PI_329644,0,,,2,2,0,2,0,,,,,,,,,,,,,,,,,,
7,6,PI_646242,0,,,2,2,0,2,0,,,,,,,,,,,,,,,,,,
7,7,PI_155516,0,,,-1,2,2,2,0,,,,,,,,,,,,,,,,,,
7,8,PI_152694,0,,,2,2,0,2,2,,,,,,,,,,,,,,,,,,
7,9,PI_562897,0,,,0,0,2,2,-1,,,,,,,,,,,,,,,,,,
7,10,PI_569419,0,,,2,0,2,2,0,,,,,,,,,,,,,,,,,,
7,11,PI_619807,0,,,2,2,0,2,2,,,,,,,,,,,,,,,,,,
7,12,PI_521290,0,,,2,0,2,2,0,,,,,,,,,,,,,,,,,,
7,13,PI_562732,0,,,2,2,2,2,0,,,,,,,,,,,,,,,,,,
7,14,PI_568717,0,,,2,0,2,2,0,,,,,,,,,,,,,,,,,,
7,15,PI_329471,0,,,2,2,0,2,0,,,,,,,,,,,,,,,,,,
7,16,SP1615,0,,,-1,-1,-1,-1,-1,,,,,,,,,,,,,,,,,,
8,1,SP1615,0,,,-1,-1,-1,-1,-1,,,,,,,,,,,,,,,,,,
8,2,PI_176766,0,,,2,2,2,2,0,,,,,,,,,,,,,,,,,,
8,3,PI_506122,0,,,-1,-1,-1,-1,-1,,,,,,,,,,,,,,,,,,
8,4,PI_329584,0,,,2,2,0,2,0,,,,,,,,,,,,,,,,,,
8,5,PI_156178,0,,,0,0,2,2,0,,,,,,,,,,,,,,,,,,
8,6,PI_562990,0,,,2,2,2,2,2,,,,,,,,,,,,,,,,,,
8,7,PI_330195,0,,,2,2,2,2,0,,,,,,,,,,,,,,,,,,
8,8,PI_570145,0,,,0,2,-1,2,0,,,,,,,,,,,,,,,,,,
8,9,PI_329510,0,,,2,2,2,-1,0,,,,,,,,,,,,,,,,,,
8,10,PI_510757,0,,,-1,-1,-1,-1,-1,,,,,,,,,,,,,,,,,,
8,11,PI_330199,0,,,2,2,-1,2,0,,,,,,,,,,,,,,,,,,
8,12,PI_329865,0,,,2,2,2,2,0,,,,,,,,,,,,,,,,,,
8,13,PI_154750,0,,,-1,-1,-1,-1,-1,,,,,,,,,,,,,,,,,,
8,14,PI_521280,0,,,0,0,2,2,0,,,,,,,,,,,,,,,,,,
8,15,PI_156487,0,,,2,0,2,2,2,,,,,,,,,,,,,,,,,,
8,16,SP1615,0,,,-1,-1,-1,-1,-1,,,,,,,,,,,,,,,,,,
9,1,SP1615,0,,,-1,-1,-1,-1,-1,,,,,,,,,,,,,,,,,,
9,2,PI_569416,0,,,2,0,2,2,0,,,,,,,,,,,,,,,,,,
9,3,PI_569457,0,,,2,0,2,2,0,,,,,,,,,,,,,,,,,,
9,4,PI_521152,0,,,2,2,2,2,2,,,,,,,,,,,,,,,,,,
9,5,PI_569452,0,,,-1,-1,-1,-1,-1,,,,,,,,,,,,,,,,,,
9,6,PI_329351,0,,,2,2,-1,2,0,,,,,,,,,,,,,,,,,,
9,7,PI_585961,0,,,2,0,2,2,2,,,,,,,,,,,,,,,,,,
9,8,PI_563350,0,,,2,0,2,2,2,,,,,,,,,,,,,,,,,,
9,9,PI_643016,0,,,-1,-1,-1,-1,-1,,,,,,,,,,,,,,,,,,
9,10,PI_329319,0,,,2,2,2,2,0,,,,,,,,,,,,,,,,,,
9,11,PI_570431,0,,,2,2,2,2,0,,,,,,,,,,,,,,,,,,
9,12,PI_257600,0,,,2,2,0,2,2,,,,,,,,,,,,,,,,,,
9,13,PI_276837,0,,,0,2,0,2,0,,,,,,,,,,,,,,,,,,
9,14,PI_329440,0,,,0,2,0,0,0,,,,,,,,,,,,,,,,,,
9,15,PI_569454,0,,,0,0,0,2,2,,,,,,,,,,,,,,,,,,
9,16,SP1615,0,,,-1,-1,-1,-1,-1,,,,,,,,,,,,,,,,,,
10,1,SP1615,0,,,-1,-1,-1,-1,-1,,,,,,,,,,,,,,,,,,
10,2,PI_641807,0,,,-1,-1,-1,-1,-1,,,,,,,,,,,,,,,,,,
10,3,PI_175919,0,,,0,0,2,2,0,,,,,,,,,,,,,,,,,,
10,4,PI_297155,0,,,-1,-1,-1,-1,-1,,,,,,,,,,,,,,,,,,
10,5,PI_641821,0,,,0,0,2,2,0,,,,,,,,,,,,,,,,,,
10,6,PI_179749,0,,,2,2,2,2,0,,,,,,,,,,,,,,,,,,
10,7,PI_255744,0,,,0,2,0,2,2,,,,,,,,,,,,,,,,,,
10,8,PI_586435,0,,,-1,-1,-1,-1,-1,,,,,,,,,,,,,,,,,,
10,9,PI_641909,0,,,2,2,2,2,2,,,,,,,,,,,,,,,,,,
10,10,PI_152816,0,,,0,2,0,2,2,,,,,,,,,,,,,,,,,,
10,11,PI_195754,0,,,-1,-1,-1,-1,-1,,,,,,,,,,,,,,,,,,
10,12,PI_329501,0,,,2,2,2,2,0,,,,,,,,,,,,,,,,,,
10,13,PI_641860,0,,,0,0,2,0,0,,,,,,,,,,,,,,,,,,
10,14,PI_19770,0,,,0,2,2,2,0,,,,,,,,,,,,,,,,,,
10,15,PI_144134,0,,,0,0,0,0,0,,,,,,,,,,,,,,,,,,
10,16,SP1615,0,,,-1,-1,-1,-1,-1,,,,,,,,,,,,,,,,,,
11,1,SP1615,0,,,-1,-1,-1,-1,-1,,,,,,,,,,,,,,,,,,
11,2,PI_576399,0,,,0,0,-1,0,2,,,,,,,,,,,,,,,,,,
11,3,PI_655978,0,,,-1,-1,2,0,0,,,,,,,,,,,,,,,,,,
11,4,PI_180348,0,,,2,2,2,2,0,,,,,,,,,,,,,,,,,,
11,5,PI_181083,0,,,2,2,2,2,0,,,,,,,,,,,,,,,,,,
11,6,PI_564163,0,,,0,0,0,0,0,,,,,,,,,,,,,,,,,,
11,7,PI_656015,0,,,0,2,2,2,0,,,,,,,,,,,,,,,,,,
11,8,PI_534165,0,,,0,2,-1,2,0,,,,,,,,,,,,,,,,,,
11,9,PI_52606,0,,,-1,-1,-1,0,0,,,,,,,,,,,,,,,,,,
11,10,PI_561840,0,,,-1,-1,-1,-1,-1,,,,,,,,,,,,,,,,,,
11,11,PI_533792,0,,,2,2,2,2,0,,,,,,,,,,,,,,,,,,
11,12,PI_656065,0,,,0,2,2,2,0,,,,,,,,,,,,,,,,,,
11,13,PI_535793,0,,,0,0,2,0,0,,,,,,,,,,,,,,,,,,
11,14,PI_535794,0,,,0,0,2,0,0,,,,,,,,,,,,,,,,,,
11,15,PI_535796,0,,,0,2,2,2,0,,,,,,,,,,,,,,,,,,
11,16,SP1615,0,,,-1,-1,-1,-1,-1,,,,,,,,,,,,,,,,,,
12,1,SP1615,0,,,-1,-1,-1,-1,-1,,,,,,,,,,,,,,,,,,
12,2,PI_533998,0,,,0,2,2,0,0,,,,,,,,,,,,,,,,,,
12,3,PI_253986,0,,,2,2,-1,2,0,,,,,,,,,,,,,,,,,,
12,4,PI_655983,0,,,-1,-1,-1,-1,-1,,,,,,,,,,,,,,,,,,
12,5,PI_181080,0,,,-1,2,2,-1,0,,,,,,,,,,,,,,,,,,
12,6,PI_221548,0,,,2,0,-1,2,2,,,,,,,,,,,,,,,,,,
12,7,PI_213900,0,,,-1,-1,-1,-1,-1,,,,,,,,,,,,,,,,,,
12,8,PI_641836,0,,,-1,-1,-1,-1,-1,,,,,,,,,,,,,,,,,,
12,9,PI_35038,0,,,-1,-1,-1,-1,-1,,,,,,,,,,,,,,,,,,
12,10,PI_562981,0,,,0,2,2,2,2,,,,,,,,,,,,,,,,,,
12,11,PI_569443,0,,,0,0,2,2,2,,,,,,,,,,,,,,,,,,
12,12,PI_641829,0,,,0,2,2,2,0,,,,,,,,,,,,,,,,,,
12,13,PI_641824,0,,,0,2,2,2,0,,,,,,,,,,,,,,,,,,
12,14,PI_570109,0,,,-1,-1,-1,-1,-1,,,,,,,,,,,,,,,,,,
12,15,LEOTI,0,,,-1,-1,-1,-1,-1,,,,,,,,,,,,,,,,,,
12,16,SP1615,0,,,-1,-1,-1,-1,-1,,,,,,,,,,,,,,,,,,
13,1,SP1615,0,,,-1,-1,-1,-1,-1,,,,,,,,,,,,,,,,,,
13,2,PI_297171,0,,,-1,-1,-1,-1,-1,,,,,,,,,,,,,,,,,,
13,3,PI_330833,0,,,2,2,0,2,0,,,,,,,,,,,,,,,,,,
13,4,PI_569244,0,,,2,0,2,2,0,,,,,,,,,,,,,,,,,,
13,5,PI_586443,0,,,-1,-1,-1,-1,-1,,,,,,,,,,,,,,,,,,
13,6,PI_562994,0,,,0,0,2,2,2,,,,,,,,,,,,,,,,,,
13,7,PI_329711,0,,,2,0,2,2,0,,,,,,,,,,,,,,,,,,
13,8,PI_329480,0,,,2,2,0,2,0,,,,,,,,,,,,,,,,,,
13,9,PI_329585,0,,,2,2,0,2,0,,,,,,,,,,,,,,,,,,
13,10,PI_152862,0,,,2,2,2,2,0,,,,,,,,,,,,,,,,,,
13,11,PI_152967,0,,,0,2,0,2,0,,,,,,,,,,,,,,,,,,
13,12,PI_514456,0,,,2,0,2,2,2,,,,,,,,,,,,,,,,,,
13,13,PI_563032,0,,,2,2,2,2,0,,,,,,,,,,,,,,,,,,
13,14,PI_154844,0,,,-1,-1,-1,-1,-1,,,,,,,,,,,,,,,,,,
13,15,PI_156268,0,,,-1,-1,-1,-1,-1,,,,,,,,,,,,,,,,,,
13,16,SP1615,0,,,-1,-1,-1,-1,-1,,,,,,,,,,,,,,,,,,
14,1,SP1615,0,,,-1,-1,-1,-1,-1,,,,,,,,,,,,,,,,,,
14,2,PI_330182,0,,,2,2,2,2,0,,,,,,,,,,,,,,,,,,
14,3,PI_505717,0,,,-1,-1,-1,-1,-1,,,,,,,,,,,,,,,,,,
14,4,PI_562985,0,,,-1,-1,-1,-1,-1,,,,,,,,,,,,,,,,,,
14,5,PI_562997,0,,,0,0,2,2,2,,,,,,,,,,,,,,,,,,
14,6,PI_329550,0,,,2,2,0,2,0,,,,,,,,,,,,,,,,,,
14,7,PI_329618,0,,,-1,-1,-1,-1,-1,,,,,,,,,,,,,,,,,,
14,8,PI_455307,0,,,2,2,-1,2,0,,,,,,,,,,,,,,,,,,
14,9,PI_251672,0,,,0,0,0,0,0,,,,,,,,,,,,,,,,,,
14,10,PI_196583,0,,,0,0,2,0,0,,,,,,,,,,,,,,,,,,
14,11,PI_570393,0,,,0,0,2,2,2,,,,,,,,,,,,,,,,,,
14,12,PI_329605,0,,,2,2,2,2,0,,,,,,,,,,,,,,,,,,
14,13,PI_563222,0,,,-1,-1,-1,-1,-1,,,,,,,,,,,,,,,,,,
14,14,PI_156326,0,,,-1,0,-1,2,0,,,,,,,,,,,,,,,,,,
14,15,PI_641850,0,,,0,0,2,2,0,,,,,,,,,,,,,,,,,,
14,16,SP1615,0,,,-1,-1,-1,-1,-1,,,,,,,,,,,,,,,,,,
15,1,SP1615,0,,,-1,-1,-1,-1,-1,,,,,,,,,,,,,,,,,,
15,2,PI_329645,0,,,2,2,2,2,0,,,,,,,,,,,,,,,,,,
15,3,PI_570114,0,,,2,0,0,2,2,,,,,,,,,,,,,,,,,,
15,4,PI_156890,0,,,0,0,-1,0,0,,,,,,,,,,,,,,,,,,
15,5,PI_569418,0,,,2,0,0,2,2,,,,,,,,,,,,,,,,,,
15,6,PI_583832,0,,,0,2,-1,-1,0,,,,,,,,,,,,,,,,,,
15,7,PI_152971,0,,,2,2,0,2,2,,,,,,,,,,,,,,,,,,
15,8,PI_329864,0,,,2,2,2,2,0,,,,,,,,,,,,,,,,,,
15,9,PI_329301,0,,,2,2,2,2,0,,,,,,,,,,,,,,,,,,
15,10,PI_513898,0,,,2,2,2,2,2,,,,,,,,,,,,,,,,,,
15,11,PI_329466,0,,,2,2,-1,2,0,,,,,,,,,,,,,,,,,,
15,12,PI_154944,0,,,2,2,2,2,2,,,,,,,,,,,,,,,,,,
15,13,PI_273465,0,,,-1,-1,-1,-1,-1,,,,,,,,,,,,,,,,,,
15,14,PI_620157,0,,,-1,-1,-1,-1,-1,,,,,,,,,,,,,,,,,,
15,15,PI_506030,0,,,-1,0,2,2,2,,,,,,,,,,,,,,,,,,
15,16,SP1615,0,,,-1,-1,-1,-1,-1,,,,,,,,,,,,,,,,,,
16,1,SP1615,0,,,-1,-1,-1,-1,-1,,,,,,,,,,,,,,,,,,
16,2,PI_152727,0,,,0,2,0,2,0,,,,,,,,,,,,,,,,,,
16,3,PI_569886,0,,,2,2,0,2,2,,,,,,,,,,,,,,,,,,
16,4,PI_562970,0,,,2,0,2,2,2,,,,,,,,,,,,,,,,,,
16,5,PI_506069,0,,,-1,-1,-1,-1,-1,,,,,,,,,,,,,,,,,,
16,6,PI_329546,0,,,2,2,0,2,0,,,,,,,,,,,,,,,,,,
16,7,PI_152651,0,,,0,0,2,0,2,,,,,,,,,,,,,,,,,,
16,8,PI_563022,0,,,0,0,2,2,2,,,,,,,,,,,,,,,,,,
16,9,PI_566819,0,,,0,0,2,2,0,,,,,,,,,,,,,,,,,,
16,10,PI_569465,0,,,2,0,2,2,0,,,,,,,,,,,,,,,,,,
16,11,PI_585966,0,,,2,0,2,2,2,,,,,,,,,,,,,,,,,,
16,12,PI_570076,0,,,0,0,2,2,2,,,,,,,,,,,,,,,,,,
16,13,PI_146890,0,,,0,0,2,0,0,,,,,,,,,,,,,,,,,,
16,14,PI_570254,0,,,-1,-1,-1,-1,-1,,,,,,,,,,,,,,,,,,
16,15,PI_562991,0,,,0,0,2,2,2,,,,,,,,,,,,,,,,,,
16,16,SP1615,0,,,-1,-1,-1,-1,-1,,,,,,,,,,,,,,,,,,
17,1,SP1615,0,,,-1,-1,-1,-1,-1,,,,,,,,,,,,,,,,,,
17,2,PI_329541,0,,,-1,-1,-1,-1,-1,,,,,,,,,,,,,,,,,,
17,3,PI_329702,0,,,2,2,2,2,0,,,,,,,,,,,,,,,,,,
17,4,PI_570090,0,,,0,0,-1,2,2,,,,,,,,,,,,,,,,,,
17,5,PI_329394,0,,,2,2,-1,2,0,,,,,,,,,,,,,,,,,,
17,6,PI_570400,0,,,2,0,0,2,2,,,,,,,,,,,,,,,,,,
17,7,PI_157030,0,,,2,0,0,2,0,,,,,,,,,,,,,,,,,,
17,8,PI_569264,0,,,2,2,2,2,0,,,,,,,,,,,,,,,,,,
17,9,PI_229841,0,,,-1,-1,-1,-1,-1,,,,,,,,,,,,,,,,,,
17,10,PI_569420,0,,,2,0,2,2,0,,,,,,,,,,,,,,,,,,
17,11,PI_196049,0,,,2,2,2,2,0,,,,,,,,,,,,,,,,,,
17,12,PI_505735,0,,,-1,-1,-1,-1,-1,,,,,,,,,,,,,,,,,,
17,13,PI_586541,0,,,0,0,2,2,0,,,,,,,,,,,,,,,,,,
17,14,PI_152860,0,,,2,2,0,2,2,,,,,,,,,,,,,,,,,,
17,15,PI_455301,0,,,2,2,2,2,0,,,,,,,,,,,,,,,,,,
17,16,SP1615,0,,,-1,-1,-1,-1,-1,,,,,,,,,,,,,,,,,,
18,1,SP1615,0,,,-1,-1,-1,-1,-1,,,,,,,,,,,,,,,,,,
18,2,PI_570042,0,,,0,0,2,2,0,,,,,,,,,,,,,,,,,,
18,3,PI_196598,0,,,0,0,2,0,0,,,,,,,,,,,,,,,,,,
18,4,PI_540518,0,,,0,0,2,0,0,,,,,,,,,,,,,,,,,,
18,5,PI_656035,0,,,2,-1,-1,2,2,,,,,,,,,,,,,,,,,,
18,6,PI_217691,0,,,0,2,0,2,0,,,,,,,,,,,,,,,,,,
18,7,PI_570047,0,,,-1,-1,-1,-1,-1,,,,,,,,,,,,,,,,,,
18,8,PI_145633,0,,,2,0,2,0,0,,,,,,,,,,,,,,,,,,
18,9,PI_535785,0,,,2,0,2,0,0,,,,,,,,,,,,,,,,,,
18,10,PI_646266,0,,,-1,-1,-1,-1,-1,,,,,,,,,,,,,,,,,,
18,11,PI_641862,0,,,0,0,2,2,0,,,,,,,,,,,,,,,,,,
18,12,PI_655981,0,,,2,0,2,2,2,,,,,,,,,,,,,,,,,,
18,13,PI_641817,0,,,0,0,2,2,0,,,,,,,,,,,,,,,,,,
18,14,PI_569425,0,,,2,0,2,2,0,,,,,,,,,,,,,,,,,,
18,15,PI_218112,0,,,2,2,2,2,0,,,,,,,,,,,,,,,,,,
18,16,SP1615,0,,,-1,-1,-1,-1,-1,,,,,,,,,,,,,,,,,,
19,1,SP1615,0,,,-1,-1,-1,-1,-1,,,,,,,,,,,,,,,,,,
19,2,PI_524475,0,,,0,2,2,2,-1,,,,,,,,,,,,,,,,,,
19,3,PI_153877,0,,,0,0,2,2,0,,,,,,,,,,,,,,,,,,
19,4,PI_569455,0,,,0,0,2,2,2,,,,,,,,,,,,,,,,,,
19,5,PI_585461,0,,,2,0,2,2,2,,,,,,,,,,,,,,,,,,
19,6,PI_330185,0,,,2,2,2,2,0,,,,,,,,,,,,,,,,,,
19,7,PI_157035,0,,,-1,2,-1,2,0,,,,,,,,,,,,,,,,,,
19,8,PI_329545,0,,,2,2,0,2,0,,,,,,,,,,,,,,,,,,
19,9,PI_455280,0,,,2,2,-1,2,0,,,,,,,,,,,,,,,,,,
19,10,PI_152730,0,,,-1,-1,-1,-1,-1,,,,,,,,,,,,,,,,,,
19,11,PI_452692,0,,,-1,2,2,2,0,,,,,,,,,,,,,,,,,,
19,12,PI_167093,0,,,2,0,2,2,0,,,,,,,,,,,,,,,,,,
19,13,PI_329310,0,,,2,2,2,2,0,,,,,,,,,,,,,,,,,,
19,14,PI_563196,0,,,2,0,2,2,0,,,,,,,,,,,,,,,,,,
19,15,PI_329699,0,,,-1,2,0,2,2,,,,,,,,,,,,,,,,,,
19,16,SP1615,0,,,-1,-1,-1,-1,-1,,,,,,,,,,,,,,,,,,
20,1,SP1615,0,,,-1,-1,-1,-1,-1,,,,,,,,,,,,,,,,,,
20,2,PI_542718,0,,,2,2,2,2,0,,,,,,,,,,,,,,,,,,
20,3,PI_656026,0,,,2,2,0,2,2,,,,,,,,,,,,,,,,,,
20,4,PI_526905,0,,,2,2,0,2,0,,,,,,,,,,,,,,,,,,
20,5,PI_593916,0,,,2,0,2,0,0,,,,,,,,,,,,,,,,,,
20,6,PI_534120,0,,,2,2,2,-1,-1,,,,,,,,,,,,,,,,,,
20,7,PI_576401,0,,,2,2,2,2,0,,,,,,,,,,,,,,,,,,
20,8,PI_655972,0,,,-1,-1,-1,-1,-1,,,,,,,,,,,,,,,,,,
20,9,PI_535792,0,,,0,-1,-1,-1,0,,,,,,,,,,,,,,,,,,
20,10,PI_550604,0,,,2,0,0,2,0,,,,,,,,,,,,,,,,,,
20,11,PI_527045,0,,,-1,2,-1,2,0,,,,,,,,,,,,,,,,,,
20,12,PI_329435,0,,,0,0,2,2,0,,,,,,,,,,,,,,,,,,
20,13,PI_533902,0,,,2,2,2,0,0,,,,,,,,,,,,,,,,,,
20,14,PI_154988,0,,,0,0,2,0,0,,,,,,,,,,,,,,,,,,
20,15,PI_152828,0,,,0,2,2,2,0,,,,,,,,,,,,,,,,,,
20,16,SP1615,0,,,-1,-1,-1,-1,-1,,,,,,,,,,,,,,,,,,
21,1,SP1615,0,,,-1,-1,-1,-1,-1,,,,,,,,,,,,,,,,,,
21,2,PI_570373,0,,,2,0,0,2,2,,,,,,,,,,,,,,,,,,
21,3,PI_329570,0,,,2,2,0,2,0,,,,,,,,,,,,,,,,,,
21,4,PI_152961,0,,,0,2,-1,2,2,,,,,,,,,,,,,,,,,,
21,5,PI_563332,0,,,2,2,2,2,0,,,,,,,,,,,,,,,,,,
21,6,PI_155760,0,,,2,0,2,2,2,,,,,,,,,,,,,,,,,,
21,7,PI_570096,0,,,0,-1,0,2,2,,,,,,,,,,,,,,,,,,
21,8,PI_505722,0,,,-1,-1,-1,-1,-1,,,,,,,,,,,,,,,,,,
21,9,PI_569453,0,,,2,0,0,2,2,,,,,,,,,,,,,,,,,,
21,10,PI_563330,0,,,-1,-1,-1,-1,-1,,,,,,,,,,,,,,,,,,
21,11,PI_570031,0,,,2,2,0,2,2,,,,,,,,,,,,,,,,,,
21,12,PI_329511,0,,,2,2,2,2,0,,,,,,,,,,,,,,,,,,
21,13,PI_570074,0,,,2,0,0,2,0,,,,,,,,,,,,,,,,,,
21,14,PI_570388,0,,,2,0,2,2,2,,,,,,,,,,,,,,,,,,
21,15,PI_329632,0,,,-1,-1,-1,-1,-1,,,,,,,,,,,,,,,,,,
21,16,SP1615,0,,,-1,-1,-1,-1,-1,,,,,,,,,,,,,,,,,,
22,1,SP1615,0,,,-1,-1,-1,-1,-1,,,,,,,,,,,,,,,,,,
22,2,PI_329518,0,,,-1,-1,-1,-1,-1,,,,,,,,,,,,,,,,,,
22,3,PI_329665,0,,,-1,-1,-1,-1,-1,,,,,,,,,,,,,,,,,,
22,4,PI_563006,0,,,-1,-1,-1,-1,-1,,,,,,,,,,,,,,,,,,
22,5,PI_562998,0,,,0,2,2,2,2,,,,,,,,,,,,,,,,,,
22,6,PI_330184,0,,,2,2,2,2,0,,,,,,,,,,,,,,,,,,
22,7,PI_330196,0,,,2,2,2,2,0,,,,,,,,,,,,,,,,,,
22,8,PI_569459,0,,,0,2,2,2,0,,,,,,,,,,,,,,,,,,
22,9,PI_329299,0,,,2,2,2,2,0,,,,,,,,,,,,,,,,,,
22,10,PI_329673,0,,,2,2,2,2,0,,,,,,,,,,,,,,,,,,
22,11,PI_569435,0,,,2,0,2,2,2,,,,,,,,,,,,,,,,,,
22,12,PI_570091,0,,,2,0,0,2,2,,,,,,,,,,,,,,,,,,
22,13,PI_266927,0,,,2,2,2,2,0,,,,,,,,,,,,,,,,,,
22,14,PI_569462,0,,,-1,-1,-1,-1,-1,,,,,,,,,,,,,,,,,,
22,15,PI_619838,0,,,0,0,0,2,0,,,,,,,,,,,,,,,,,,
22,16,SP1615,0,,,-1,-1,-1,-1,-1,,,,,,,,,,,,,,,,,,
23,1,SP1615,0,,,-1,-1,-1,-1,-1,,,,,,,,,,,,,,,,,,
23,2,PI_329843,0,,,2,2,2,2,0,,,,,,,,,,,,,,,,,,
23,3,PI_585954,0,,,-1,-1,-1,-1,-1,,,,,,,,,,,,,,,,,,
23,4,PI_651497,0,,,0,2,0,2,0,,,,,,,,,,,,,,,,,,
23,5,PI_329841,0,,,2,2,2,2,0,,,,,,,,,,,,,,,,,,
23,6,PI_257599,0,,,0,2,0,2,2,,,,,,,,,,,,,,,,,,
23,7,PI_585452,0,,,-1,0,-1,2,-1,,,,,,,,,,,,,,,,,,
23,8,PI_329519,0,,,2,2,2,2,0,,,,,,,,,,,,,,,,,,
23,9,PI_651496,0,,,-1,-1,-1,-1,-1,,,,,,,,,,,,,,,,,,
23,10,PI_154846,0,,,0,0,2,2,0,,,,,,,,,,,,,,,,,,
23,11,PI_255239,0,,,-1,-1,-1,-1,-1,,,,,,,,,,,,,,,,,,
23,12,PI_297130,0,,,-1,-1,-1,-1,-1,,,,,,,,,,,,,,,,,,
23,13,PI_651495,0,,,0,0,2,2,0,,,,,,,,,,,,,,,,,,
23,14,PI_642998,0,,,-1,-1,-1,-1,-1,,,,,,,,,,,,,,,,,,
23,15,PI_563329,0,,,2,2,2,2,0,,,,,,,,,,,,,,,,,,
23,16,SP1615,0,,,-1,-1,-1,-1,-1,,,,,,,,,,,,,,,,,,
24,1,SP1615,0,,,-1,-1,-1,-1,-1,,,,,,,,,,,,,,,,,,
24,2,PI_641815,0,,,0,0,2,0,0,,,,,,,,,,,,,,,,,,
24,3,PI_63715,0,,,-1,-1,-1,-1,-1,,,,,,,,,,,,,,,,,,
24,4,PI_585577,0,,,0,0,2,2,0,,,,,,,,,,,,,,,,,,
24,5,PI_563002,0,,,0,-1,2,2,2,,,,,,,,,,,,,,,,,,
24,6,PI_329478,0,,,2,2,0,2,0,,,,,,,,,,,,,,,,,,
24,7,PI_329326,0,,,2,2,0,2,0,,,,,,,,,,,,,,,,,,
24,8,PI_535795,0,,,0,2,2,2,0,,,,,,,,,,,,,,,,,,
24,9,PI_641830,0,,,0,2,2,2,0,,,,,,,,,,,,,,,,,,
24,10,PI_570106,0,,,2,2,2,2,0,,,,,,,,,,,,,,,,,,
24,11,PI_569421,0,,,-1,-1,-1,-1,-1,,,,,,,,,,,,,,,,,,
24,12,PI_197542,0,,,2,2,2,2,0,,,,,,,,,,,,,,,,,,
24,13,PI_329614,0,,,2,2,0,2,0,,,,,,,,,,,,,,,,,,
24,14,PI_157804,0,,,2,2,-1,2,0,,,,,,,,,,,,,,,,,,
24,15,PI_329506,0,,,2,2,-1,2,-1,,,,,,,,,,,,,,,,,,
24,16,SP1615,0,,,-1,-1,-1,-1,-1,,,,,,,,,,,,,,,,,,
25,1,SP1615,0,,,-1,-1,-1,-1,-1,,,,,,,,,,,,,,,,,,
25,2,PI_562781,0,,,0,0,2,2,2,,,,,,,,,,,,,,,,,,
25,3,PI_585467,0,,,0,0,2,2,2,,,,,,,,,,,,,,,,,,
25,4,PI_337689,0,,,2,2,0,2,0,,,,,,,,,,,,,,,,,,
25,5,PI_521019,0,,,2,2,2,2,2,,,,,,,,,,,,,,,,,,
25,6,PI_155885,0,,,2,0,2,2,2,,,,,,,,,,,,,,,,,,
25,7,PI_330858,0,,,2,2,0,2,0,,,,,,,,,,,,,,,,,,
25,8,PI_329338,0,,,2,2,2,2,0,,,,,,,,,,,,,,,,,,
25,9,PI_455217,0,,,2,2,2,2,0,,,,,,,,,,,,,,,,,,
25,10,PI_330796,0,,,2,-1,2,2,2,,,,,,,,,,,,,,,,,,
25,11,PI_569422,0,,,2,-1,2,2,-1,,,,,,,,,,,,,,,,,,
25,12,PI_273969,0,,,0,2,2,2,0,,,,,,,,,,,,,,,,,,
25,13,PI_152591,0,,,2,0,2,2,0,,,,,,,,,,,,,,,,,,
25,14,PI_455221,0,,,-1,-1,-1,-1,-1,,,,,,,,,,,,,,,,,,
25,15,PI_156393,0,,,0,0,2,2,0,,,,,,,,,,,,,,,,,,
25,16,SP1615,0,,,-1,-1,-1,-1,-1,,,,,,,,,,,,,,,,,,
26,1,SP1615,0,,,-1,-1,-1,-1,-1,,,,,,,,,,,,,,,,,,
26,2,PI_452619,0,,,0,-1,2,-1,0,,,,,,,,,,,,,,,,,,
26,3,PI_570071,0,,,2,0,0,2,2,,,,,,,,,,,,,,,,,,
26,4,PI_329569,0,,,2,2,2,2,0,,,,,,,,,,,,,,,,,,
26,5,PI_152923,0,,,-1,2,0,2,0,,,,,,,,,,,,,,,,,,
26,6,PI_267573,0,,,-1,2,0,2,0,,,,,,,,,,,,,,,,,,
26,7,PI_330803,0,,,2,2,0,2,0,,,,,,,,,,,,,,,,,,
26,8,PI_585454,0,,,2,0,2,2,2,,,,,,,,,,,,,,,,,,
26,9,PI_506114,0,,,-1,-1,-1,-1,-1,,,,,,,,,,,,,,,,,,
26,10,PI_329333,0,,,2,2,2,2,0,,,,,,,,,,,,,,,,,,
26,11,PI_585406,0,,,2,2,2,2,2,,,,,,,,,,,,,,,,,,
26,12,PI_156330,0,,,0,0,2,2,0,,,,,,,,,,,,,,,,,,
26,13,PI_453696,0,,,2,2,2,2,0,,,,,,,,,,,,,,,,,,
26,14,PI_651491,0,,,0,0,0,2,0,,,,,,,,,,,,,,,,,,
26,15,PI_511355,0,,,0,2,0,2,0,,,,,,,,,,,,,,,,,,
26,16,SP1615,0,,,-1,-1,-1,-1,-1,,,,,,,,,,,,,,,,,,
27,1,SP1615,0,,,-1,-1,-1,-1,-1,,,,,,,,,,,,,,,,,,
27,2,ATLAS,0,,,-1,-1,-1,-1,-1,,,,,,,,,,,,,,,,,,
27,3,PI_641892,0,,,0,0,2,0,0,,,,,,,,,,,,,,,,,,
27,4,PI_641835,0,,,0,0,2,0,0,,,,,,,,,,,,,,,,,,
27,5,PI_170787,0,,,-1,0,-1,2,-1,,,,,,,,,,,,,,,,,,
27,6,PI_145619,0,,,0,0,2,0,0,,,,,,,,,,,,,,,,,,
27,7,PI_196586,0,,,0,0,-1,0,0,,,,,,,,,,,,,,,,,,
27,8,PI_563295,0,,,-1,-1,-1,-1,-1,,,,,,,,,,,,,,,,,,
27,9,PI_152965,0,,,0,2,0,2,2,,,,,,,,,,,,,,,,,,
27,10,PI_92270,0,,,2,2,2,2,0,,,,,,,,,,,,,,,,,,
27,11,PI_641810,0,,,0,0,2,0,0,,,,,,,,,,,,,,,,,,
27,12,PI_535783,0,,,0,0,2,2,0,,,,,,,,,,,,,,,,,,
27,13,PI_570073,0,,,2,0,2,2,2,,,,,,,,,,,,,,,,,,
27,14,PI_562971,0,,,0,0,2,2,2,,,,,,,,,,,,,,,,,,
27,15,PI_156463,0,,,2,2,2,2,2,,,,,,,,,,,,,,,,,,
27,16,SP1615,0,,,-1,-1,-1,-1,-1,,,,,,,,,,,,,,,,,,
28,1,SP1615,0,,,-1,-1,-1,-1,-1,,,,,,,,,,,,,,,,,,
28,2,PI_152971,0,,,2,2,0,2,2,,,,,,,,,,,,,,,,,,
28,3,PI_562990,0,,,2,2,2,2,2,,,,,,,,,,,,,,,,,,
28,4,PI_586443,0,,,-1,-1,-1,-1,-1,,,,,,,,,,,,,,,,,,
28,5,PI_586541,0,,,0,0,2,2,0,,,,,,,,,,,,,,,,,,
28,6,PI_585467,0,,,0,0,2,2,2,,,,,,,,,,,,,,,,,,
28,7,PI_221651,0,,,2,2,2,2,2,,,,,,,,,,,,,,,,,,
28,8,PI_562982,0,,,0,2,-1,2,2,,,,,,,,,,,,,,,,,,
28,9,PI_329646,0,,,2,2,2,2,0,,,,,,,,,,,,,,,,,,
28,10,PI_273465,0,,,-1,-1,-1,-1,-1,,,,,,,,,,,,,,,,,,
28,11,PI_229841,0,,,-1,-1,-1,-1,-1,,,,,,,,,,,,,,,,,,
28,12,PI_330196,0,,,2,2,2,2,0,,,,,,,,,,,,,,,,,,
28,13,PI_521019,0,,,2,2,2,2,2,,,,,,,,,,,,,,,,,,
28,14,PI_329645,0,,,2,2,2,2,0,,,,,,,,,,,,,,,,,,
28,15,PI_156890,0,,,0,0,-1,0,0,,,,,,,,,,,,,,,,,,
28,16,SP1615,0,,,-1,-1,-1,-1,-1,,,,,,,,,,,,,,,,,,
29,1,SP1615,0,,,-1,-1,-1,-1,-1,,,,,,,,,,,,,,,,,,
29,2,PI_152816,0,,,0,2,0,2,2,,,,,,,,,,,,,,,,,,
29,3,PI_92270,0,,,2,2,2,2,0,,,,,,,,,,,,,,,,,,
29,4,PI_641829,0,,,0,2,2,2,0,,,,,,,,,,,,,,,,,,
29,5,PI_646266,0,,,-1,-1,-1,-1,-1,,,,,,,,,,,,,,,,,,
29,6,PI_297155,0,,,-1,-1,-1,-1,-1,,,,,,,,,,,,,,,,,,
29,7,PI_641824,0,,,0,2,2,2,0,,,,,,,,,,,,,,,,,,
29,8,PI_641807,0,,,-1,-1,-1,-1,-1,,,,,,,,,,,,,,,,,,
29,9,PI_563295,0,,,-1,-1,-1,-1,-1,,,,,,,,,,,,,,,,,,
29,10,PI_570047,0,,,-1,-1,-1,-1,-1,,,,,,,,,,,,,,,,,,
29,11,PI_329501,0,,,2,2,2,2,0,,,,,,,,,,,,,,,,,,
29,12,PI_641892,0,,,0,0,2,0,0,,,,,,,,,,,,,,,,,,
29,13,PI_144134,0,,,0,0,0,0,0,,,,,,,,,,,,,,,,,,
29,14,PI_152965,0,,,0,2,0,2,2,,,,,,,,,,,,,,,,,,
29,15,PI_197542,0,,,2,2,2,2,0,,,,,,,,,,,,,,,,,,
29,16,SP1615,0,,,-1,-1,-1,-1,-1,,,,,,,,,,,,,,,,,,
30,1,SP1615,0,,,-1,-1,-1,-1,-1,,,,,,,,,,,,,,,,,,
30,2,PI_196583,0,,,0,0,2,0,0,,,,,,,,,,,,,,,,,,
30,3,PI_563006,0,,,-1,-1,-1,-1,-1,,,,,,,,,,,,,,,,,,
30,4,PI_569416,0,,,2,0,2,2,0,,,,,,,,,,,,,,,,,,
30,5,PI_152727,0,,,0,2,0,2,0,,,,,,,,,,,,,,,,,,
30,6,PI_297171,0,,,-1,-1,-1,-1,-1,,,,,,,,,,,,,,,,,,
30,7,PI_329632,0,,,-1,-1,-1,-1,-1,,,,,,,,,,,,,,,,,,
30,8,PI_570114,0,,,2,0,0,2,2,,,,,,,,,,,,,,,,,,
30,9,PI_329518,0,,,-1,-1,-1,-1,-1,,,,,,,,,,,,,,,,,,
30,10,PI_156393,0,,,0,0,2,2,0,,,,,,,,,,,,,,,,,,
30,11,PI_563022,0,,,0,0,2,2,2,,,,,,,,,,,,,,,,,,
30,12,PI_568717,0,,,2,0,2,2,0,,,,,,,,,,,,,,,,,,
30,13,PI_511355,0,,,0,2,0,2,0,,,,,,,,,,,,,,,,,,
30,14,PI_329519,0,,,2,2,2,2,0,,,,,,,,,,,,,,,,,,
30,15,PI_651491,0,,,0,0,0,2,0,,,,,,,,,,,,,,,,,,
30,16,SP1615,0,,,-1,-1,-1,-1,-1,,,,,,,,,,,,,,,,,,
31,1,SP1615,0,,,-1,-1,-1,-1,-1,,,,,,,,,,,,,,,,,,
31,2,PI_195754,0,,,-1,-1,-1,-1,-1,,,,,,,,,,,,,,,,,,
31,3,PI_641860,0,,,0,0,2,0,0,,,,,,,,,,,,,,,,,,
31,4,PI_329614,0,,,2,2,0,2,0,,,,,,,,,,,,,,,,,,
31,5,PI_570109,0,,,-1,-1,-1,-1,-1,,,,,,,,,,,,,,,,,,
31,6,PI_63715,0,,,-1,-1,-1,-1,-1,,,,,,,,,,,,,,,,,,
31,7,PI_329506,0,,,2,2,-1,2,-1,,,,,,,,,,,,,,,,,,
31,8,PI_641821,0,,,0,0,2,2,0,,,,,,,,,,,,,,,,,,
31,9,PI_217691,0,,,0,2,0,2,0,,,,,,,,,,,,,,,,,,
31,10,PI_540518,0,,,0,0,2,0,0,,,,,,,,,,,,,,,,,,
31,11,PI_641817,0,,,0,0,2,2,0,,,,,,,,,,,,,,,,,,
31,12,PI_255744,0,,,0,2,0,2,2,,,,,,,,,,,,,,,,,,
31,13,ATLAS,0,,,-1,-1,-1,-1,-1,,,,,,,,,,,,,,,,,,
31,14,PI_179749,0,,,2,2,2,2,0,,,,,,,,,,,,,,,,,,
31,15,PI_641909,0,,,2,2,2,2,2,,,,,,,,,,,,,,,,,,
31,16,SP1615,0,,,-1,-1,-1,-1,-1,,,,,,,,,,,,,,,,,,
32,1,SP1615,0,,,-1,-1,-1,-1,-1,,,,,,,,,,,,,,,,,,
32,2,PI_152961,0,,,0,2,-1,2,2,,,,,,,,,,,,,,,,,,
32,3,PI_330199,0,,,2,2,-1,2,0,,,,,,,,,,,,,,,,,,
32,4,PI_563330,0,,,-1,-1,-1,-1,-1,,,,,,,,,,,,,,,,,,
32,5,PI_329673,0,,,2,2,2,2,0,,,,,,,,,,,,,,,,,,
32,6,PI_569455,0,,,0,0,2,2,2,,,,,,,,,,,,,,,,,,
32,7,PI_329394,0,,,2,2,-1,2,0,,,,,,,,,,,,,,,,,,
32,8,PI_455301,0,,,2,2,2,2,0,,,,,,,,,,,,,,,,,,
32,9,PI_152862,0,,,2,2,2,2,0,,,,,,,,,,,,,,,,,,
32,10,PI_329440,0,,,0,2,0,0,0,,,,,,,,,,,,,,,,,,
32,11,PI_524475,0,,,0,2,2,2,-1,,,,,,,,,,,,,,,,,,
32,12,PI_329702,0,,,2,2,2,2,0,,,,,,,,,,,,,,,,,,
32,13,PI_585966,0,,,2,0,2,2,2,,,,,,,,,,,,,,,,,,
32,14,PI_455217,0,,,2,2,2,2,0,,,,,,,,,,,,,,,,,,
32,15,PI_297130,0,,,-1,-1,-1,-1,-1,,,,,,,,,,,,,,,,,,
32,16,SP1615,0,,,-1,-1,-1,-1,-1,,,,,,,,,,,,,,,,,,
33,1,SP1615,0,,,-1,-1,-1,-1,-1,,,,,,,,,,,,,,,,,,
33,2,PI_181080,0,,,-1,2,2,-1,0,,,,,,,,,,,,,,,,,,
33,3,PI_641815,0,,,0,0,2,0,0,,,,,,,,,,,,,,,,,,
33,4,PI_562971,0,,,0,0,2,2,2,,,,,,,,,,,,,,,,,,
33,5,PI_655981,0,,,2,0,2,2,2,,,,,,,,,,,,,,,,,,
33,6,PI_641810,0,,,0,0,2,0,0,,,,,,,,,,,,,,,,,,
33,7,PI_569443,0,,,0,0,2,2,2,,,,,,,,,,,,,,,,,,
33,8,PI_145619,0,,,0,0,2,0,0,,,,,,,,,,,,,,,,,,
33,9,PI_585577,0,,,0,0,2,2,0,,,,,,,,,,,,,,,,,,
33,10,PI_569425,0,,,2,0,2,2,0,,,,,,,,,,,,,,,,,,
33,11,PI_329478,0,,,2,2,0,2,0,,,,,,,,,,,,,,,,,,
33,12,PI_570073,0,,,2,0,2,2,2,,,,,,,,,,,,,,,,,,
33,13,PI_170787,0,,,-1,0,-1,2,-1,,,,,,,,,,,,,,,,,,
33,14,PI_196586,0,,,0,0,-1,0,0,,,,,,,,,,,,,,,,,,
33,15,PI_221548,0,,,2,0,-1,2,2,,,,,,,,,,,,,,,,,,
33,16,SP1615,0,,,-1,-1,-1,-1,-1,,,,,,,,,,,,,,,,,,
34,1,SP1615,0,,,-1,-1,-1,-1,-1,,,,,,,,,,,,,,,,,,
34,2,PI_569454,0,,,0,0,0,2,2,,,,,,,,,,,,,,,,,,
34,3,PI_585461,0,,,2,0,2,2,2,,,,,,,,,,,,,,,,,,
34,4,PI_22913,0,,,-1,-1,-1,-1,-1,,,,,,,,,,,,,,,,,,
34,5,PI_153877,0,,,0,0,2,2,0,,,,,,,,,,,,,,,,,,
34,6,PI_329471,0,,,2,2,0,2,0,,,,,,,,,,,,,,,,,,
34,7,PI_569444,0,,,-1,-1,-1,-1,-1,,,,,,,,,,,,,,,,,,
34,8,PI_585608,0,,,0,0,2,2,0,,,,,,,,,,,,,,,,,,
34,9,PI_646251,0,,,2,2,0,2,0,,,,,,,,,,,,,,,,,,
34,10,PI_156217,0,,,2,0,2,2,0,,,,,,,,,,,,,,,,,,
34,11,PI_302252,0,,,0,-1,2,0,0,,,,,,,,,,,,,,,,,,
34,12,PI_569445,0,,,2,0,0,2,2,,,,,,,,,,,,,,,,,,
34,13,PI_154987,0,,,-1,-1,-1,-1,-1,,,,,,,,,,,,,,,,,,
34,14,PI_452619,0,,,0,-1,2,-1,0,,,,,,,,,,,,,,,,,,
34,15,PI_329473,0,,,-1,-1,-1,-1,-1,,,,,,,,,,,,,,,,,,
34,16,SP1615,0,,,-1,-1,-1,-1,-1,,,,,,,,,,,,,,,,,,
35,1,SP1615,0,,,-1,-1,-1,-1,-1,,,,,,,,,,,,,,,,,,
35,2,PI_329570,0,,,2,2,0,2,0,,,,,,,,,,,,,,,,,,
35,3,PI_152923,0,,,-1,2,0,2,0,,,,,,,,,,,,,,,,,,
35,4,PI_329644,0,,,2,2,0,2,0,,,,,,,,,,,,,,,,,,
35,5,PI_569419,0,,,2,0,2,2,0,,,,,,,,,,,,,,,,,,
35,6,PI_146890,0,,,0,0,2,0,0,,,,,,,,,,,,,,,,,,
35,7,PI_329351,0,,,2,2,-1,2,0,,,,,,,,,,,,,,,,,,
35,8,PI_562897,0,,,0,0,2,2,-1,,,,,,,,,,,,,,,,,,
35,9,PI_329403,0,,,2,2,2,2,0,,,,,,,,,,,,,,,,,,
35,10,PI_642998,0,,,-1,-1,-1,-1,-1,,,,,,,,,,,,,,,,,,
35,11,PI_152651,0,,,0,0,2,0,2,,,,,,,,,,,,,,,,,,
35,12,PI_570090,0,,,0,0,-1,2,2,,,,,,,,,,,,,,,,,,
35,13,PI_570400,0,,,2,0,0,2,2,,,,,,,,,,,,,,,,,,
35,14,PI_619838,0,,,0,0,0,2,0,,,,,,,,,,,,,,,,,,
35,15,PI_145626,0,,,0,0,2,2,0,,,,,,,,,,,,,,,,,,
35,16,SP1615,0,,,-1,-1,-1,-1,-1,,,,,,,,,,,,,,,,,,
36,1,SP1615,0,,,-1,-1,-1,-1,-1,,,,,,,,,,,,,,,,,,
36,2,PI_155885,0,,,2,0,2,2,2,,,,,,,,,,,,,,,,,,
36,3,PI_329333,0,,,2,2,2,2,0,,,,,,,,,,,,,,,,,,
36,4,PI_152771,0,,,0,2,-1,2,2,,,,,,,,,,,,,,,,,,
36,5,PI_176766,0,,,2,2,2,2,0,,,,,,,,,,,,,,,,,,
36,6,PI_563355,0,,,2,0,2,2,2,,,,,,,,,,,,,,,,,,
36,7,PI_329545,0,,,2,2,0,2,0,,,,,,,,,,,,,,,,,,
36,8,PI_583832,0,,,0,2,-1,-1,0,,,,,,,,,,,,,,,,,,
36,9,PI_521152,0,,,2,2,2,2,2,,,,,,,,,,,,,,,,,,
36,10,PI_585452,0,,,-1,0,-1,2,-1,,,,,,,,,,,,,,,,,,
36,11,PI_266927,0,,,2,2,2,2,0,,,,,,,,,,,,,,,,,,
36,12,PI_455280,0,,,2,2,-1,2,0,,,,,,,,,,,,,,,,,,
36,13,PI_563350,0,,,2,0,2,2,2,,,,,,,,,,,,,,,,,,
36,14,PI_569465,0,,,2,0,2,2,0,,,,,,,,,,,,,,,,,,
36,15,PI_337680,0,,,2,2,2,2,0,,,,,,,,,,,,,,,,,,
36,16,SP1615,0,,,-1,-1,-1,-1,-1,,,,,,,,,,,,,,,,,,
37,1,SP1615,0,,,-1,-1,-1,-1,-1,,,,,,,,,,,,,,,,,,
37,2,PI_562985,0,,,-1,-1,-1,-1,-1,,,,,,,,,,,,,,,,,,
37,3,PI_570431,0,,,2,2,2,2,0,,,,,,,,,,,,,,,,,,
37,4,PI_570031,0,,,2,2,0,2,2,,,,,,,,,,,,,,,,,,
37,5,PI_569435,0,,,2,0,2,2,2,,,,,,,,,,,,,,,,,,
37,6,PI_569452,0,,,-1,-1,-1,-1,-1,,,,,,,,,,,,,,,,,,
37,7,PI_330182,0,,,2,2,2,2,0,,,,,,,,,,,,,,,,,,
37,8,PI_562970,0,,,2,0,2,2,2,,,,,,,,,,,,,,,,,,
37,9,PI_152967,0,,,0,2,0,2,0,,,,,,,,,,,,,,,,,,
37,10,PI_267573,0,,,-1,2,0,2,0,,,,,,,,,,,,,,,,,,
37,11,PI_152694,0,,,2,2,0,2,2,,,,,,,,,,,,,,,,,,
37,12,PI_563222,0,,,-1,-1,-1,-1,-1,,,,,,,,,,,,,,,,,,
37,13,PI_329465,0,,,2,2,0,2,0,,,,,,,,,,,,,,,,,,
37,14,PI_569244,0,,,2,0,2,2,0,,,,,,,,,,,,,,,,,,
37,15,PI_152591,0,,,2,0,2,2,0,,,,,,,,,,,,,,,,,,
37,16,SP1615,0,,,-1,-1,-1,-1,-1,,,,,,,,,,,,,,,,,,
38,1,SP1615,0,,,-1,-1,-1,-1,-1,,,,,,,,,,,,,,,,,,
38,2,PI_213900,0,,,-1,-1,-1,-1,-1,,,,,,,,,,,,,,,,,,
38,3,PI_35038,0,,,-1,-1,-1,-1,-1,,,,,,,,,,,,,,,,,,
38,4,PI_175919,0,,,0,0,2,2,0,,,,,,,,,,,,,,,,,,
38,5,PI_329326,0,,,2,2,0,2,0,,,,,,,,,,,,,,,,,,
38,6,PI_535783,0,,,0,0,2,2,0,,,,,,,,,,,,,,,,,,
38,7,PI_157804,0,,,2,2,-1,2,0,,,,,,,,,,,,,,,,,,
38,8,PI_562981,0,,,0,2,2,2,2,,,,,,,,,,,,,,,,,,
38,9,PI_156463,0,,,2,2,2,2,2,,,,,,,,,,,,,,,,,,
38,10,PI_535785,0,,,2,0,2,0,0,,,,,,,,,,,,,,,,,,
38,11,PI_641835,0,,,0,0,2,0,0,,,,,,,,,,,,,,,,,,
38,12,PI_570042,0,,,0,0,2,2,0,,,,,,,,,,,,,,,,,,
38,13,PI_253986,0,,,2,2,-1,2,0,,,,,,,,,,,,,,,,,,
38,14,PI_218112,0,,,2,2,2,2,0,,,,,,,,,,,,,,,,,,
38,15,PI_533998,0,,,0,2,2,0,0,,,,,,,,,,,,,,,,,,
38,16,SP1615,0,,,-1,-1,-1,-1,-1,,,,,,,,,,,,,,,,,,
39,1,SP1615,0,,,-1,-1,-1,-1,-1,,,,,,,,,,,,,,,,,,
39,2,PI_329517,0,,,2,2,-1,2,0,,,,,,,,,,,,,,,,,,
39,3,PI_651496,0,,,-1,-1,-1,-1,-1,,,,,,,,,,,,,,,,,,
39,4,PI_651495,0,,,0,0,2,2,0,,,,,,,,,,,,,,,,,,
39,5,PI_570076,0,,,0,0,2,2,2,,,,,,,,,,,,,,,,,,
39,6,PI_525049,0,,,2,0,2,2,0,,,,,,,,,,,,,,,,,,
39,7,PI_569462,0,,,-1,-1,-1,-1,-1,,,,,,,,,,,,,,,,,,
39,8,PI_154846,0,,,0,0,2,2,0,,,,,,,,,,,,,,,,,,
39,9,PI_562732,0,,,2,2,2,2,0,,,,,,,,,,,,,,,,,,
39,10,PI_505722,0,,,-1,-1,-1,-1,-1,,,,,,,,,,,,,,,,,,
39,11,PI_563332,0,,,2,2,2,2,0,,,,,,,,,,,,,,,,,,
39,12,PI_156871,0,,,0,0,2,2,0,,,,,,,,,,,,,,,,,,
39,13,PI_653617,0,,,0,0,2,2,0,,,,,,,,,,,,,,,,,,
39,14,PI_643016,0,,,-1,-1,-1,-1,-1,,,,,,,,,,,,,,,,,,
39,15,PI_562781,0,,,0,0,2,2,2,,,,,,,,,,,,,,,,,,
39,16,SP1615,0,,,-1,-1,-1,-1,-1,,,,,,,,,,,,,,,,,,
40,1,SP1615,0,,,-1,-1,-1,-1,-1,,,,,,,,,,,,,,,,,,
40,2,PI_329310,0,,,2,2,2,2,0,,,,,,,,,,,,,,,,,,
40,3,PI_330858,0,,,2,2,0,2,0,,,,,,,,,,,,,,,,,,
40,4,PI_329585,0,,,2,2,0,2,0,,,,,,,,,,,,,,,,,,
40,5,PI_569453,0,,,2,0,0,2,2,,,,,,,,,,,,,,,,,,
40,6,PI_329841,0,,,2,2,2,2,0,,,,,,,,,,,,,,,,,,
40,7,PI_570393,0,,,0,0,2,2,2,,,,,,,,,,,,,,,,,,
40,8,PI_329569,0,,,2,2,2,2,0,,,,,,,,,,,,,,,,,,
40,9,PI_563329,0,,,2,2,2,2,0,,,,,,,,,,,,,,,,,,
40,10,PI_570110,0,,,2,0,2,2,0,,,,,,,,,,,,,,,,,,
40,11,PI_563331,0,,,-1,-1,-1,-1,-1,,,,,,,,,,,,,,,,,,
40,12,PI_510757,0,,,-1,-1,-1,-1,-1,,,,,,,,,,,,,,,,,,
40,13,PI_569148,0,,,0,2,2,2,0,,,,,,,,,,,,,,,,,,
40,14,PI_506030,0,,,-1,0,2,2,2,,,,,,,,,,,,,,,,,,
40,15,PI_569457,0,,,2,0,2,2,0,,,,,,,,,,,,,,,,,,
40,16,SP1615,0,,,-1,-1,-1,-1,-1,,,,,,,,,,,,,,,,,,
41,1,SP1615,0,,,-1,-1,-1,-1,-1,,,,,,,,,,,,,,,,,,
41,2,PI_566819,0,,,0,0,2,2,0,,,,,,,,,,,,,,,,,,
41,3,PI_643008,0,,,-1,-1,-1,-1,-1,,,,,,,,,,,,,,,,,,
41,4,PI_329865,0,,,2,2,2,2,0,,,,,,,,,,,,,,,,,,
41,5,PI_514456,0,,,2,0,2,2,2,,,,,,,,,,,,,,,,,,
41,6,PI_329605,0,,,2,2,2,2,0,,,,,,,,,,,,,,,,,,
41,7,PI_329584,0,,,2,2,0,2,0,,,,,,,,,,,,,,,,,,
41,8,PI_569097,0,,,2,0,2,0,0,,,,,,,,,,,,,,,,,,
41,9,PI_273969,0,,,0,2,2,2,0,,,,,,,,,,,,,,,,,,
41,10,PI_573193,0,,,-1,0,-1,2,0,,,,,,,,,,,,,,,,,,
41,11,PI_152860,0,,,2,2,0,2,2,,,,,,,,,,,,,,,,,,
41,12,PI_257599,0,,,0,2,0,2,2,,,,,,,,,,,,,,,,,,
41,13,PI_329710,0,,,2,2,2,2,0,,,,,,,,,,,,,,,,,,
41,14,PI_646242,0,,,2,2,0,2,0,,,,,,,,,,,,,,,,,,
41,15,PI_570087,0,,,2,0,0,2,2,,,,,,,,,,,,,,,,,,
41,16,SP1615,0,,,-1,-1,-1,-1,-1,,,,,,,,,,,,,,,,,,
42,1,SP1615,0,,,-1,-1,-1,-1,-1,,,,,,,,,,,,,,,,,,
42,2,PI_257600,0,,,2,2,0,2,2,,,,,,,,,,,,,,,,,,
42,3,PI_251672,0,,,0,0,0,0,0,,,,,,,,,,,,,,,,,,
42,4,PI_154844,0,,,-1,-1,-1,-1,-1,,,,,,,,,,,,,,,,,,
42,5,PI_570388,0,,,2,0,2,2,2,,,,,,,,,,,,,,,,,,
42,6,PI_570145,0,,,0,2,-1,2,0,,,,,,,,,,,,,,,,,,
42,7,PI_329319,0,,,2,2,2,2,0,,,,,,,,,,,,,,,,,,
42,8,PI_570075,0,,,2,0,0,2,0,,,,,,,,,,,,,,,,,,
42,9,PI_521280,0,,,0,0,2,2,0,,,,,,,,,,,,,,,,,,
42,10,PI_329665,0,,,-1,-1,-1,-1,-1,,,,,,,,,,,,,,,,,,
42,11,PI_329301,0,,,2,2,2,2,0,,,,,,,,,,,,,,,,,,
42,12,PI_155516,0,,,-1,2,2,2,0,,,,,,,,,,,,,,,,,,
42,13,PI_569420,0,,,2,0,2,2,0,,,,,,,,,,,,,,,,,,
42,14,PI_329466,0,,,2,2,-1,2,0,,,,,,,,,,,,,,,,,,
42,15,PI_330803,0,,,2,2,0,2,0,,,,,,,,,,,,,,,,,,
42,16,SP1615,0,,,-1,-1,-1,-1,-1,,,,,,,,,,,,,,,,,,
43,1,SP1615,0,,,-1,-1,-1,-1,-1,,,,,,,,,,,,,,,,,,
43,2,PI_453696,0,,,2,2,2,2,0,,,,,,,,,,,,,,,,,,
43,3,PI_455307,0,,,2,2,-1,2,0,,,,,,,,,,,,,,,,,,
43,4,PI_329711,0,,,2,0,2,2,0,,,,,,,,,,,,,,,,,,
43,5,PI_570096,0,,,0,-1,0,2,2,,,,,,,,,,,,,,,,,,
43,6,PI_619807,0,,,2,2,0,2,2,,,,,,,,,,,,,,,,,,
43,7,PI_329511,0,,,2,2,2,2,0,,,,,,,,,,,,,,,,,,
43,8,PI_562730,0,,,-1,-1,-1,-1,-1,,,,,,,,,,,,,,,,,,
43,9,PI_330195,0,,,2,2,2,2,0,,,,,,,,,,,,,,,,,,
43,10,PI_329541,0,,,-1,-1,-1,-1,-1,,,,,,,,,,,,,,,,,,
43,11,PI_167093,0,,,2,0,2,2,0,,,,,,,,,,,,,,,,,,
43,12,PI_506069,0,,,-1,-1,-1,-1,-1,,,,,,,,,,,,,,,,,,
43,13,PI_156330,0,,,0,0,2,2,0,,,,,,,,,,,,,,,,,,
43,14,PI_569427,0,,,2,0,2,2,0,,,,,,,,,,,,,,,,,,
43,15,PI_569418,0,,,2,0,0,2,2,,,,,,,,,,,,,,,,,,
43,16,SP1615,0,,,-1,-1,-1,-1,-1,,,,,,,,,,,,,,,,,,
44,1,SP1615,0,,,-1,-1,-1,-1,-1,,,,,,,,,,,,,,,,,,
44,2,PI_330807,0,,,-1,-1,-1,-1,-1,,,,,,,,,,,,,,,,,,
44,3,PI_152728,0,,,2,2,2,2,0,,,,,,,,,,,,,,,,,,
44,4,PI_156487,0,,,2,0,2,2,2,,,,,,,,,,,,,,,,,,
44,5,PI_156268,0,,,-1,-1,-1,-1,-1,,,,,,,,,,,,,,,,,,
44,6,PI_303658,0,,,0,2,-1,2,0,,,,,,,,,,,,,,,,,,
44,7,PI_329338,0,,,2,2,2,2,0,,,,,,,,,,,,,,,,,,
44,8,PI_276837,0,,,0,2,0,2,0,,,,,,,,,,,,,,,,,,
44,9,PI_329286,0,,,2,2,2,2,0,,,,,,,,,,,,,,,,,,
44,10,PI_329699,0,,,-1,2,0,2,2,,,,,,,,,,,,,,,,,,
44,11,PI_505717,0,,,-1,-1,-1,-1,-1,,,,,,,,,,,,,,,,,,
44,12,PI_563032,0,,,2,2,2,2,0,,,,,,,,,,,,,,,,,,
44,13,PI_329843,0,,,2,2,2,2,0,,,,,,,,,,,,,,,,,,
44,14,PI_154750,0,,,-1,-1,-1,-1,-1,,,,,,,,,,,,,,,,,,
44,15,PI_329256,0,,,2,2,-1,2,-1,,,,,,,,,,,,,,,,,,
44,16,SP1615,0,,,-1,-1,-1,-1,-1,,,,,,,,,,,,,,,,,,
45,1,SP1615,0,,,-1,-1,-1,-1,-1,,,,,,,,,,,,,,,,,,
45,2,PI_585454,0,,,2,0,2,2,2,,,,,,,,,,,,,,,,,,
45,3,PI_570373,0,,,2,0,0,2,2,,,,,,,,,,,,,,,,,,
45,4,PI_570254,0,,,-1,-1,-1,-1,-1,,,,,,,,,,,,,,,,,,
45,5,PI_452692,0,,,-1,2,2,2,0,,,,,,,,,,,,,,,,,,
45,6,PI_152730,0,,,-1,-1,-1,-1,-1,,,,,,,,,,,,,,,,,,
45,7,PI_330796,0,,,2,-1,2,2,2,,,,,,,,,,,,,,,,,,
45,8,PI_157035,0,,,-1,2,-1,2,0,,,,,,,,,,,,,,,,,,
45,9,PI_330185,0,,,2,2,2,2,0,,,,,,,,,,,,,,,,,,
45,10,PI_562997,0,,,0,0,2,2,2,,,,,,,,,,,,,,,,,,
45,11,PI_152966,0,,,0,2,-1,2,0,,,,,,,,,,,,,,,,,,
45,12,PI_506122,0,,,-1,-1,-1,-1,-1,,,,,,,,,,,,,,,,,,
45,13,PI_196049,0,,,2,2,2,2,0,,,,,,,,,,,,,,,,,,
45,14,PI_570091,0,,,2,0,0,2,2,,,,,,,,,,,,,,,,,,
45,15,PI_563021,0,,,0,2,2,2,2,,,,,,,,,,,,,,,,,,
45,16,SP1615,0,,,-1,-1,-1,-1,-1,,,,,,,,,,,,,,,,,,
46,1,SP1615,0,,,-1,-1,-1,-1,-1,,,,,,,,,,,,,,,,,,
46,2,PI_533792,0,,,2,2,2,2,0,,,,,,,,,,,,,,,,,,
46,3,PI_526905,0,,,2,2,0,2,0,,,,,,,,,,,,,,,,,,
46,4,PI_576401,0,,,2,2,2,2,0,,,,,,,,,,,,,,,,,,
46,5,PI_535796,0,,,0,2,2,2,0,,,,,,,,,,,,,,,,,,
46,6,PI_542718,0,,,2,2,2,2,0,,,,,,,,,,,,,,,,,,
46,7,PI_534120,0,,,2,2,2,-1,-1,,,,,,,,,,,,,,,,,,
46,8,PI_576399,0,,,0,0,-1,0,2,,,,,,,,,,,,,,,,,,
46,9,PI_180348,0,,,2,2,2,2,0,,,,,,,,,,,,,,,,,,
46,10,PI_535792,0,,,0,-1,-1,-1,0,,,,,,,,,,,,,,,,,,
46,11,PI_329435,0,,,0,0,2,2,0,,,,,,,,,,,,,,,,,,
46,12,PI_535793,0,,,0,0,2,0,0,,,,,,,,,,,,,,,,,,
46,13,PI_561840,0,,,-1,-1,-1,-1,-1,,,,,,,,,,,,,,,,,,
46,14,PI_564163,0,,,0,0,0,0,0,,,,,,,,,,,,,,,,,,
46,15,PI_533902,0,,,2,2,2,0,0,,,,,,,,,,,,,,,,,,
46,16,SP1615,0,,,-1,-1,-1,-1,-1,,,,,,,,,,,,,,,,,,
47,1,SP1615,0,,,-1,-1,-1,-1,-1,,,,,,,,,,,,,,,,,,
47,2,PI_569422,0,,,2,-1,2,2,-1,,,,,,,,,,,,,,,,,,
47,3,PI_455221,0,,,-1,-1,-1,-1,-1,,,,,,,,,,,,,,,,,,
47,4,PI_570074,0,,,2,0,0,2,0,,,,,,,,,,,,,,,,,,
47,5,PI_337689,0,,,2,2,0,2,0,,,,,,,,,,,,,,,,,,
47,6,PI_569460,0,,,0,2,2,2,0,,,,,,,,,,,,,,,,,,
47,7,PI_563196,0,,,2,0,2,2,0,,,,,,,,,,,,,,,,,,
47,8,PI_562998,0,,,0,2,2,2,2,,,,,,,,,,,,,,,,,,
47,9,PI_585961,0,,,2,0,2,2,2,,,,,,,,,,,,,,,,,,
47,10,PI_330169,0,,,2,2,2,2,0,,,,,,,,,,,,,,,,,,
47,11,PI_620072,0,,,2,0,0,2,2,,,,,,,,,,,,,,,,,,
47,12,PI_156178,0,,,0,0,2,2,0,,,,,,,,,,,,,,,,,,
47,13,PI_570071,0,,,2,0,0,2,2,,,,,,,,,,,,,,,,,,
47,14,PI_329546,0,,,2,2,0,2,0,,,,,,,,,,,,,,,,,,
47,15,PI_506114,0,,,-1,-1,-1,-1,-1,,,,,,,,,,,,,,,,,,
47,16,SP1615,0,,,-1,-1,-1,-1,-1,,,,,,,,,,,,,,,,,,
48,1,SP1615,0,,,-1,-1,-1,-1,-1,,,,,,,,,,,,,,,,,,
48,2,PI_620157,0,,,-1,-1,-1,-1,-1,,,,,,,,,,,,,,,,,,
48,3,PI_154944,0,,,2,2,2,2,2,,,,,,,,,,,,,,,,,,
48,4,PI_329550,0,,,2,2,0,2,0,,,,,,,,,,,,,,,,,,
48,5,PI_569447,0,,,2,0,2,2,2,,,,,,,,,,,,,,,,,,
48,6,PI_563020,0,,,0,2,2,2,2,,,,,,,,,,,,,,,,,,
48,7,PI_152733,0,,,2,2,2,2,0,,,,,,,,,,,,,,,,,,
48,8,PI_156326,0,,,-1,0,-1,2,0,,,,,,,,,,,,,,,,,,
48,9,PI_641850,0,,,0,0,2,2,0,,,,,,,,,,,,,,,,,,
48,10,PI_585406,0,,,2,2,2,2,2,,,,,,,,,,,,,,,,,,
48,11,PI_651497,0,,,0,2,0,2,0,,,,,,,,,,,,,,,,,,
48,12,PI_563009,0,,,2,2,2,2,2,,,,,,,,,,,,,,,,,,
48,13,PI_329300,0,,,2,2,2,2,0,,,,,,,,,,,,,,,,,,
48,14,PI_570085,0,,,2,0,0,2,2,,,,,,,,,,,,,,,,,,
48,15,PI_329864,0,,,2,2,2,2,0,,,,,,,,,,,,,,,,,,
48,16,SP1615,0,,,-1,-1,-1,-1,-1,,,,,,,,,,,,,,,,,,
49,1,SP1615,0,,,-1,-1,-1,-1,-1,,,,,,,,,,,,,,,,,,
49,2,PI_563338,0,,,2,0,2,2,2,,,,,,,,,,,,,,,,,,
49,3,PI_513898,0,,,2,2,2,2,2,,,,,,,,,,,,,,,,,,
49,4,PI_569090,0,,,-1,-1,-1,-1,-1,,,,,,,,,,,,,,,,,,
49,5,PI_653616,0,,,2,0,2,0,0,,,,,,,,,,,,,,,,,,
49,6,PI_570038,0,,,-1,-1,-1,-1,-1,,,,,,,,,,,,,,,,,,
49,7,PI_569423,0,,,2,0,2,2,0,,,,,,,,,,,,,,,,,,
49,8,PI_330181,0,,,2,2,2,2,0,,,,,,,,,,,,,,,,,,
49,9,PI_569264,0,,,2,2,2,2,0,,,,,,,,,,,,,,,,,,
49,10,PI_521290,0,,,2,0,2,2,0,,,,,,,,,,,,,,,,,,
49,11,PI_330833,0,,,2,2,0,2,0,,,,,,,,,,,,,,,,,,
49,12,PI_255239,0,,,-1,-1,-1,-1,-1,,,,,,,,,,,,,,,,,,
49,13,PI_569886,0,,,2,2,0,2,2,,,,,,,,,,,,,,,,,,
49,14,PI_569458,0,,,2,0,2,2,0,,,,,,,,,,,,,,,,,,
49,15,PI_452542,0,,,2,2,2,2,0,,,,,,,,,,,,,,,,,,
49,16,SP1615,0,,,-1,-1,-1,-1,-1,,,,,,,,,,,,,,,,,,
50,1,SP1615,0,,,-1,-1,-1,-1,-1,,,,,,,,,,,,,,,,,,
50,2,PI_181083,0,,,2,2,2,2,0,,,,,,,,,,,,,,,,,,
50,3,PI_656015,0,,,0,2,2,2,0,,,,,,,,,,,,,,,,,,
50,4,PI_535794,0,,,0,0,2,0,0,,,,,,,,,,,,,,,,,,
50,5,PI_527045,0,,,-1,2,-1,2,0,,,,,,,,,,,,,,,,,,
50,6,PI_655972,0,,,-1,-1,-1,-1,-1,,,,,,,,,,,,,,,,,,
50,7,PI_154988,0,,,0,0,2,0,0,,,,,,,,,,,,,,,,,,
50,8,PI_593916,0,,,2,0,2,0,0,,,,,,,,,,,,,,,,,,
50,9,PI_655978,0,,,-1,-1,2,0,0,,,,,,,,,,,,,,,,,,
50,10,PI_656026,0,,,2,2,0,2,2,,,,,,,,,,,,,,,,,,
50,11,PI_152828,0,,,0,2,2,2,0,,,,,,,,,,,,,,,,,,
50,12,PI_550604,0,,,2,0,0,2,0,,,,,,,,,,,,,,,,,,
50,13,PI_52606,0,,,-1,-1,-1,0,0,,,,,,,,,,,,,,,,,,
50,14,PI_534165,0,,,0,2,-1,2,0,,,,,,,,,,,,,,,,,,
50,15,PI_656065,0,,,0,2,2,2,0,,,,,,,,,,,,,,,,,,
50,16,SP1615,0,,,-1,-1,-1,-1,-1,,,,,,,,,,,,,,,,,,
51,1,SP1615,0,,,-1,-1,-1,-1,-1,,,,,,,,,,,,,,,,,,
51,2,PI_535795,0,,,0,2,2,2,0,,,,,,,,,,,,,,,,,,
51,3,PI_145633,0,,,2,0,2,0,0,,,,,,,,,,,,,,,,,,
51,4,PI_586435,0,,,-1,-1,-1,-1,-1,,,,,,,,,,,,,,,,,,
51,5,LEOTI,0,,,-1,-1,-1,-1,-1,,,,,,,,,,,,,,,,,,
51,6,PI_570106,0,,,2,2,2,2,0,,,,,,,,,,,,,,,,,,
51,7,PI_641830,0,,,0,2,2,2,0,,,,,,,,,,,,,,,,,,
51,8,PI_19770,0,,,0,2,2,2,0,,,,,,,,,,,,,,,,,,
51,9,PI_641862,0,,,0,0,2,2,0,,,,,,,,,,,,,,,,,,
51,10,PI_656035,0,,,2,-1,-1,2,2,,,,,,,,,,,,,,,,,,
51,11,PI_563002,0,,,0,-1,2,2,2,,,,,,,,,,,,,,,,,,
51,12,PI_655983,0,,,-1,-1,-1,-1,-1,,,,,,,,,,,,,,,,,,
51,13,PI_641836,0,,,-1,-1,-1,-1,-1,,,,,,,,,,,,,,,,,,
51,14,PI_196598,0,,,0,0,2,0,0,,,,,,,,,,,,,,,,,,
51,15,PI_569421,0,,,-1,-1,-1,-1,-1,,,,,,,,,,,,,,,,,,
51,16,SP1615,0,,,-1,-1,-1,-1,-1,,,,,,,,,,,,,,,,,,
52,1,SP1615,0,,,-1,-1,-1,-1,-1,,,,,,,,,,,,,,,,,,
52,2,PI_585954,0,,,-1,-1,-1,-1,-1,,,,,,,,,,,,,,,,,,
52,3,PI_562991,0,,,0,0,2,2,2,,,,,,,,,,,,,,,,,,
52,4,PI_155760,0,,,2,0,2,2,2,,,,,,,,,,,,,,,,,,
52,5,PI_330184,0,,,2,2,2,2,0,,,,,,,,,,,,,,,,,,
52,6,PI_152751,0,,,2,2,2,2,2,,,,,,,,,,,,,,,,,,
52,7,PI_329299,0,,,2,2,2,2,0,,,,,,,,,,,,,,,,,,
52,8,PI_505735,0,,,-1,-1,-1,-1,-1,,,,,,,,,,,,,,,,,,
52,9,PI_562994,0,,,0,0,2,2,2,,,,,,,,,,,,,,,,,,
52,10,PI_329510,0,,,2,2,2,-1,0,,,,,,,,,,,,,,,,,,
52,11,PI_157030,0,,,2,0,0,2,0,,,,,,,,,,,,,,,,,,
52,12,PI_329480,0,,,2,2,0,2,0,,,,,,,,,,,,,,,,,,
52,13,PI_330168,0,,,2,2,2,2,0,,,,,,,,,,,,,,,,,,
52,14,PI_329618,0,,,-1,-1,-1,-1,-1,,,,,,,,,,,,,,,,,,
52,15,PI_569459,0,,,0,2,2,2,0,,,,,,,,,,,,,,,,,,
52,16,SP1615,0,,,-1,-1,-1,-1,-1,,,,,,,,,,,,,,,,,,
53,1,SP1615,0,,,-1,-1,-1,-1,-1,,,,,,,,,,,,,,,,,,
53,2,Big_Kahuna,0,,,-1,-1,-1,-1,-1,,,,,,,,,,,,,,,,,,
53,3,SP1615,0,,,-1,-1,-1,-1,-1,,,,,,,,,,,,,,,,,,
53,4,Big_Kahuna,0,,,-1,-1,-1,-1,-1,,,,,,,,,,,,,,,,,,
53,5,SP1615,0,,,-1,-1,-1,-1,-1,,,,,,,,,,,,,,,,,,
53,6,Big_Kahuna,0,,,-1,-1,-1,-1,-1,,,,,,,,,,,,,,,,,,
53,7,SP1615,0,,,-1,-1,-1,-1,-1,,,,,,,,,,,,,,,,,,
53,8,Big_Kahuna,0,,,-1,-1,-1,-1,-1,,,,,,,,,,,,,,,,,,
53,9,SP1615,0,,,-1,-1,-1,-1,-1,,,,,,,,,,,,,,,,,,
53,10,Big_Kahuna,0,,,-1,-1,-1,-1,-1,,,,,,,,,,,,,,,,,,
53,11,SP1615,0,,,-1,-1,-1,-1,-1,,,,,,,,,,,,,,,,,,
53,12,Big_Kahuna,0,,,-1,-1,-1,-1,-1,,,,,,,,,,,,,,,,,,
53,13,SP1615,0,,,-1,-1,-1,-1,-1,,,,,,,,,,,,,,,,,,
53,14,Big_Kahuna,0,,,-1,-1,-1,-1,-1,,,,,,,,,,,,,,,,,,
53,15,SP1615,0,,,-1,-1,-1,-1,-1,,,,,,,,,,,,,,,,,,
53,16,SP1615,0,,,-1,-1,-1,-1,-1,,,,,,,,,,,,,,,,,,
54,1,SP1615,0,,,-1,-1,-1,-1,-1,,,,,,,,,,,,,,,,,,
54,2,Big_Kahuna,0,,,-1,-1,-1,-1,-1,,,,,,,,,,,,,,,,,,
54,3,SP1615,0,,,-1,-1,-1,-1,-1,,,,,,,,,,,,,,,,,,
54,4,Big_Kahuna,0,,,-1,-1,-1,-1,-1,,,,,,,,,,,,,,,,,,
54,5,SP1615,0,,,-1,-1,-1,-1,-1,,,,,,,,,,,,,,,,,,
54,6,Big_Kahuna,0,,,-1,-1,-1,-1,-1,,,,,,,,,,,,,,,,,,
54,7,SP1615,0,,,-1,-1,-1,-1,-1,,,,,,,,,,,,,,,,,,
54,8,Big_Kahuna,0,,,-1,-1,-1,-1,-1,,,,,,,,,,,,,,,,,,
54,9,SP1615,0,,,-1,-1,-1,-1,-1,,,,,,,,,,,,,,,,,,
54,10,Big_Kahuna,0,,,-1,-1,-1,-1,-1,,,,,,,,,,,,,,,,,,
54,11,SP1615,0,,,-1,-1,-1,-1,-1,,,,,,,,,,,,,,,,,,
54,12,Big_Kahuna,0,,,-1,-1,-1,-1,-1,,,,,,,,,,,,,,,,,,
54,13,SP1615,0,,,-1,-1,-1,-1,-1,,,,,,,,,,,,,,,,,,
54,14,Big_Kahuna,0,,,-1,-1,-1,-1,-1,,,,,,,,,,,,,,,,,,
54,15,Big_Kahuna,0,,,-1,-1,-1,-1,-1,,,,,,,,,,,,,,,,,,
54,16,SP1615,0,,,-1,-1,-1,-1,-1,,,,,,,,,,,,,,,,,,
,,,,,,,,,,,,,,,,,,,,,,,,,,,,
,,,,,,,,,,,,,,,,,,,,,,,,,,,,
,,,,,,,,,,,,,,,,,,,,,,,,,,,,
,,,,,,,,,,,,,,,,,,,,,,,,,,,,
,,,,,,,,,,,,,,,,,,,,,,,,,,,,
,,,,,,,,,,,,,,,,,,,,,,,,,,,,
,,,,,,,,,,,,,,,,,,,,,,,,,,,,
,,,,,,,,,,,,,,,,,,,,,,,,,,,,
,,,,,,,,,,,,,,,,,,,,,,,,,,,,
,,,,,,,,,,,,,,,,,,,,,,,,,,,,
,,,,,,,,,,,,,,,,,,,,,,,,,,,,
,,,,,,,,,,,,,,,,,,,,,,,,,,,,
,,,,,,,,,,,,,,,,,,,,,,,,,,,,
,,,,,,,,,,,,,,,,,,,,,,,,,,,,
,,,,,,,,,,,,,,,,,,,,,,,,,,,,
,,,,,,,,,,,,,,,,,,,,,,,,,,,,
,,,,,,,,,,,,,,,,,,,,,,,,,,,,
,,,,,,,,,,,,,,,,,,,,,,,,,,,,
,,,,,,,,,,,,,,,,,,,,,,,,,,,,
,,,,,,,,,,,,,,,,,,,,,,,,,,,,
,,,,,,,,,,,,,,,,,,,,,,,,,,,,
,,,,,,,,,,,,,,,,,,,,,,,,,,,,
,,,,,,,,,,,,,,,,,,,,,,,,,,,,
,,,,,,,,,,,,,,,,,,,,,,,,,,,,
,,,,,,,,,,,,,,,,,,,,,,,,,,,,
,,,,,,,,,,,,,,,,,,,,,,,,,,,,
,,,,,,,,,,,,,,,,,,,,,,,,,,,,
,,,,,,,,,,,,,,,,,,,,,,,,,,,,
,,,,,,,,,,,,,,,,,,,,,,,,,,,,
,,,,,,,,,,,,,,,,,,,,,,,,,,,,
,,,,,,,,,,,,,,,,,,,,,,,,,,,,
,,,,,,,,,,,,,,,,,,,,,,,,,,,,
,,,,,,,,,,,,,,,,,,,,,,,,,,,,
,,,,,,,,,,,,,,,,,,,,,,,,,,,,
,,,,,,,,,,,,,,,,,,,,,,,,,,,,
,,,,,,,,,,,,,,,,,,,,,,,,,,,,
,,,,,,,,,,,,,,,,,,,,,,,,,,,,
,,,,,,,,,,,,,,,,,,,,,,,,,,,,
,,,,,,,,,,,,,,,,,,,,,,,,,,,,
,,,,,,,,,,,,,,,,,,,,,,,,,,,,
,,,,,,,,,,,,,,,,,,,,,,,,,,,,
,,,,,,,,,,,,,,,,,,,,,,,,,,,,
,,,,,,,,,,,,,,,,,,,,,,,,,,,,
,,,,,,,,,,,,,,,,,,,,,,,,,,,,
,,,,,,,,,,,,,,,,,,,,,,,,,,,,
,,,,,,,,,,,,,,,,,,,,,,,,,,,,
,,,,,,,,,,,,,,,,,,,,,,,,,,,,
,,,,,,,,,,,,,,,,,,,,,,,,,,,,
,,,,,,,,,,,,,,,,,,,,,,,,,,,,
,,,,,,,,,,,,,,,,,,,,,,,,,,,,
,,,,,,,,,,,,,,,,,,,,,,,,,,,,
,,,,,,,,,,,,,,,,,,,,,,,,,,,,
,,,,,,,,,,,,,,,,,,,,,,,,,,,,
,,,,,,,,,,,,,,,,,,,,,,,,,,,,
,,,,,,,,,,,,,,,,,,,,,,,,,,,,
,,,,,,,,,,,,,,,,,,,,,,,,,,,,
,,,,,,,,,,,,,,,,,,,,,,,,,,,,
,,,,,,,,,,,,,,,,,,,,,,,,,,,,
,,,,,,,,,,,,,,,,,,,,,,,,,,,,
,,,,,,,,,,,,,,,,,,,,,,,,,,,,
,,,,,,,,,,,,,,,,,,,,,,,,,,,,
,,,,,,,,,,,,,,,,,,,,,,,,,,,,
,,,,,,,,,,,,,,,,,,,,,,,,,,,,
,,,,,,,,,,,,,,,,,,,,,,,,,,,,
,,,,,,,,,,,,,,,,,,,,,,,,,,,,
,,,,,,,,,,,,,,,,,,,,,,,,,,,,
,,,,,,,,,,,,,,,,,,,,,,,,,,,,
,,,,,,,,,,,,,,,,,,,,,,,,,,,,
,,,,,,,,,,,,,,,,,,,,,,,,,,,,
,,,,,,,,,,,,,,,,,,,,,,,,,,,,
,,,,,,,,,,,,,,,,,,,,,,,,,,,,
,,,,,,,,,,,,,,,,,,,,,,,,,,,,
,,,,,,,,,,,,,,,,,,,,,,,,,,,,
,,,,,,,,,,,,,,,,,,,,,,,,,,,,
,,,,,,,,,,,,,,,,,,,,,,,,,,,,
,,,,,,,,,,,,,,,,,,,,,,,,,,,,
,,,,,,,,,,,,,,,,,,,,,,,,,,,,
,,,,,,,,,,,,,,,,,,,,,,,,,,,,
,,,,,,,,,,,,,,,,,,,,,,,,,,,,
,,,,,,,,,,,,,,,,,,,,,,,,,,,,
,,,,,,,,,,,,,,,,,,,,,,,,,,,,
,,,,,,,,,,,,,,,,,,,,,,,,,,,,
,,,,,,,,,,,,,,,,,,,,,,,,,,,,
,,,,,,,,,,,,,,,,,,,,,,,,,,,,
,,,,,,,,,,,,,,,,,,,,,,,,,,,,
,,,,,,,,,,,,,,,,,,,,,,,,,,,,
,,,,,,,,,,,,,,,,,,,,,,,,,,,,
,,,,,,,,,,,,,,,,,,,,,,,,,,,,
,,,,,,,,,,,,,,,,,,,,,,,,,,,,
,,,,,,,,,,,,,,,,,,,,,,,,,,,,
,,,,,,,,,,,,,,,,,,,,,,,,,,,,
,,,,,,,,,,,,,,,,,,,,,,,,,,,,
,,,,,,,,,,,,,,,,,,,,,,,,,,,,
,,,,,,,,,,,,,,,,,,,,,,,,,,,,
,,,,,,,,,,,,,,,,,,,,,,,,,,,,
,,,,,,,,,,,,,,,,,,,,,,,,,,,,
,,,,,,,,,,,,,,,,,,,,,,,,,,,,
,,,,,,,,,,,,,,,,,,,,,,,,,,,,
,,,,,,,,,,,,,,,,,,,,,,,,,,,,
,,,,,,,,,,,,,,,,,,,,,,,,,,,,
,,,,,,,,,,,,,,,,,,,,,,,,,,,,
,,,,,,,,,,,,,,,,,,,,,,,,,,,,
,,,,,,,,,,,,,,,,,,,,,,,,,,,,
,,,,,,,,,,,,,,,,,,,,,,,,,,,,
,,,,,,,,,,,,,,,,,,,,,,,,,,,,
,,,,,,,,,,,,,,,,,,,,,,,,,,,,
,,,,,,,,,,,,,,,,,,,,,,,,,,,,
,,,,,,,,,,,,,,,,,,,,,,,,,,,,
,,,,,,,,,,,,,,,,,,,,,,,,,,,,
,,,,,,,,,,,,,,,,,,,,,,,,,,,,
,,,,,,,,,,,,,,,,,,,,,,,,,,,,
,,,,,,,,,,,,,,,,,,,,,,,,,,,,
,,,,,,,,,,,,,,,,,,,,,,,,,,,,
,,,,,,,,,,,,,,,,,,,,,,,,,,,,
,,,,,,,,,,,,,,,,,,,,,,,,,,,,
,,,,,,,,,,,,,,,,,,,,,,,,,,,,
,,,,,,,,,,,,,,,,,,,,,,,,,,,,
,,,,,,,,,,,,,,,,,,,,,,,,,,,,
,,,,,,,,,,,,,,,,,,,,,,,,,,,,
,,,,,,,,,,,,,,,,,,,,,,,,,,,,
,,,,,,,,,,,,,,,,,,,,,,,,,,,,
,,,,,,,,,,,,,,,,,,,,,,,,,,,,
,,,,,,,,,,,,,,,,,,,,,,,,,,,,
,,,,,,,,,,,,,,,,,,,,,,,,,,,,
,,,,,,,,,,,,,,,,,,,,,,,,,,,,
,,,,,,,,,,,,,,,,,,,,,,,,,,,,
,,,,,,,,,,,,,,,,,,,,,,,,,,,,
,,,,,,,,,,,,,,,,,,,,,,,,,,,,
,,,,,,,,,,,,,,,,,,,,,,,,,,,,
,,,,,,,,,,,,,,,,,,,,,,,,,,,,
,,,,,,,,,,,,,,,,,,,,,,,,,,,,
,,,,,,,,,,,,,,,,,,,,,,,,,,,,
,,,,,,,,,,,,,,,,,,,,,,,,,,,,
,,,,,,,,,,,,,,,,,,,,,,,,,,,,
,,,,,,,,,,,,,,,,,,,,,,,,,,,,
,,,,,,,,,,,,,,,,,,,,,,,,,,,,
